-- phpMyAdmin SQL Dump
-- version 5.1.1
-- https://www.phpmyadmin.net/
--
-- Host: 127.0.0.1
-- Generation Time: Jul 10, 2022 at 03:27 PM
-- Server version: 10.4.21-MariaDB
-- PHP Version: 7.3.30

SET SQL_MODE = "NO_AUTO_VALUE_ON_ZERO";
START TRANSACTION;
SET time_zone = "+00:00";


/*!40101 SET @OLD_CHARACTER_SET_CLIENT=@@CHARACTER_SET_CLIENT */;
/*!40101 SET @OLD_CHARACTER_SET_RESULTS=@@CHARACTER_SET_RESULTS */;
/*!40101 SET @OLD_COLLATION_CONNECTION=@@COLLATION_CONNECTION */;
/*!40101 SET NAMES utf8mb4 */;

--
-- Database: `ttms`
--

-- --------------------------------------------------------

--
-- Table structure for table `admin`
--

CREATE TABLE `admin` (
  `name` varchar(30) NOT NULL,
  `password` varchar(10) NOT NULL
) ENGINE=MyISAM DEFAULT CHARSET=latin1;

--
-- Dumping data for table `admin`
--

INSERT INTO `admin` (`name`, `password`) VALUES
('admin', 'pass123');

-- --------------------------------------------------------

--
-- Table structure for table `classrooms`
--

CREATE TABLE `classrooms` (
  `name` varchar(30) NOT NULL,
  `status` int(1) NOT NULL
) ENGINE=MyISAM DEFAULT CHARSET=latin1;

--
-- Dumping data for table `classrooms`
--

INSERT INTO `classrooms` (`name`, `status`) VALUES
('CSE301', 4),
('CSE303', 2),
('CSE302', 3);

-- --------------------------------------------------------

--
-- Table structure for table `semester3`
--

CREATE TABLE `semester3` (
  `day` varchar(10) NOT NULL,
  `period1` varchar(30) NOT NULL,
  `period2` varchar(30) NOT NULL,
  `period3` varchar(30) NOT NULL,
  `period4` varchar(30) NOT NULL,
  `period5` varchar(30) NOT NULL,
  `period6` varchar(30) NOT NULL
) ENGINE=MyISAM DEFAULT CHARSET=latin1;

--
-- Dumping data for table `semester3`
--

INSERT INTO `semester3` (`day`, `period1`, `period2`, `period3`, `period4`, `period5`, `period6`) VALUES
('monday', '-', '-', '-', '-', '-', '-'),
('tuesday', '-', 'ME340', 'ME340', '-', '-', '-'),
('wednesday', '-', 'AM261', 'EL211', '-', '-', '-'),
('thursday', '-', '-', '-', '-', '-', '-'),
('friday', '-', '-', '-', '-', '-', '-'),
('saturday', '-', '-', '-', '-', '-', '-');

-- --------------------------------------------------------

--
-- Table structure for table `semester4`
--

CREATE TABLE `semester4` (
  `day` varchar(10) NOT NULL,
  `period1` varchar(30) NOT NULL,
  `period2` varchar(30) NOT NULL,
  `period3` varchar(30) NOT NULL,
  `period4` varchar(30) NOT NULL,
  `period5` varchar(30) NOT NULL,
  `period6` varchar(30) NOT NULL
) ENGINE=MyISAM DEFAULT CHARSET=latin1;

--
-- Dumping data for table `semester4`
--

INSERT INTO `semester4` (`day`, `period1`, `period2`, `period3`, `period4`, `period5`, `period6`) VALUES
('monday', '-', '-', '-', '-', '-', '-'),
('tuesday', '-', '-', '-', '-', '-', '-'),
('wednesday', '-', '-', '-', '-', '-', '-'),
('thursday', '-', '-', '-', '-', '-', '-'),
('friday', '-', '-', '-', '-', '-', '-'),
('saturday', '-', '-', '-', '-', '-', '-');

-- --------------------------------------------------------

--
-- Table structure for table `semester5`
--

CREATE TABLE `semester5` (
  `day` varchar(10) NOT NULL,
  `period1` varchar(30) NOT NULL,
  `period2` varchar(30) NOT NULL,
  `period3` varchar(30) NOT NULL,
  `period4` varchar(30) NOT NULL,
  `period5` varchar(30) NOT NULL,
  `period6` varchar(30) NOT NULL
) ENGINE=MyISAM DEFAULT CHARSET=latin1;

--
-- Dumping data for table `semester5`
--

INSERT INTO `semester5` (`day`, `period1`, `period2`, `period3`, `period4`, `period5`, `period6`) VALUES
('monday', '-', '-', '-', '-', '-', '-'),
('tuesday', '-', '-', '-', '-', '-', '-'),
('wednesday', '-', '-', '-', '-', '-', '-'),
('thursday', '-', '-', '-', '-', '-', '-'),
('friday', '-', '-', '-', '-', '-', '-'),
('saturday', '-', '-', '-', '-', '-', '-');

-- --------------------------------------------------------

--
-- Table structure for table `subjects`
--

CREATE TABLE `subjects` (
  `subject_code` varchar(10) NOT NULL,
  `subject_name` varchar(50) NOT NULL,
  `course_type` varchar(15) NOT NULL,
  `semester` int(1) NOT NULL,
  `department` varchar(50) NOT NULL,
  `isAlloted` int(1) NOT NULL,
  `allotedto` text NOT NULL,
  `allotedto2` text NOT NULL,
  `allotedto3` text NOT NULL
) ENGINE=MyISAM DEFAULT CHARSET=latin1;

--
-- Dumping data for table `subjects`
--

INSERT INTO `subjects` (`subject_code`, `subject_name`, `course_type`, `semester`, `department`, `isAlloted`, `allotedto`, `allotedto2`, `allotedto3`) VALUES
('CO445', 'Network Security', 'THEORY', 7, 'Computer Engg. Dept.', 1, 'T012', '', ''),
('CO451', 'Computer Network Design', 'THEORY', 7, 'Computer Engg. Dept.', 1, 'T003', '', ''),
('CO494', 'Embedded  Systems Lab', 'LAB', 7, 'Computer Engg. Dept.', 1, 'T008', 'T001', 'T004'),
('CO493', 'Networking Lab', 'LAB', 7, 'Computer Engg. Dept.', 1, 'T002', 'T007', 'T011'),
('CO394', 'Mini Project', 'LAB', 5, 'Computer Engg. Dept.', 1, 'T005', 'T007', 'T003'),
('CO393', 'Software Lab I', 'LAB', 5, 'Computer Engg. Dept.', 1, 'T003', 'T013', 'T005'),
('CO292', ' Data Structures Lab', 'LAB', 3, 'Computer Engg. Dept.', 1, 'T003', 'T012', 'T013'),
('CO293', 'Programming Lab', 'LAB', 3, 'Computer Engg. Dept.', 1, 'T006', 'T009', 'T008'),
('CO431', 'Internet Tools', 'THEORY', 7, 'Computer Engg. Dept.', 1, 'T005', '', ''),
('CO406', 'Compiler Design', 'THEORY', 7, 'Computer Engg. Dept.', 1, 'T003', '', ''),
('CO206', 'Logic Theory & Computer Organisation', 'THEORY', 3, 'Computer Engg. Dept.', 1, 'T002', '', ''),
('EL211', 'Electronic Devices & Circuits', 'THEORY', 3, 'Electronics Engg. Dept.', 1, 'T014', '', ''),
('AM261', 'Higher Mathematics', 'THEORY', 3, 'Applied Mathematics Dept.', 1, 'T016', '', ''),
('CO207', 'Data Structures & Algorithm', 'THEORY', 3, 'Computer Engg. Dept.', 1, 'T003', '', ''),
('CO309', 'Microprocessor Theory & Applications', 'THEORY', 5, 'Computer Engg. Dept.', 1, 'T011', '', ''),
('EL340', 'Compiler Construction', 'THEORY', 5, 'CSE Dept.', 1, 'T014', '', ''),
('CO308', 'Digital Electronics', 'THEORY', 5, 'Computer Engg. Dept.', 1, 'T008', '', ''),
('CO310', 'Operating Systems', 'THEORY', 5, 'Mechanical Engg. Dept.', 1, 'T013', '', ''),
('ME340', 'Machine Learning', 'THEORY', 5, 'Computer Engg. Dept.', 1, 'T015', '', ''),
('CO448', 'Embedded Systems', 'THEORY', 7, 'Computer Engg. Dept.', 1, 'T010', '', ''),
('CO460', 'Computer Architecture', 'THEORY', 7, 'Computer Engg. Dept.', 1, 'T009', '', ''),
('CO203', 'Object Oriented Programming', 'THEORY', 3, 'Computer Engg. Dept.', 1, 'T001', '', '');

-- --------------------------------------------------------

--
-- Table structure for table `t001`
--

CREATE TABLE `t001` (
  `day` varchar(10) NOT NULL,
  `period1` varchar(30) DEFAULT NULL,
  `period2` varchar(30) DEFAULT NULL,
  `period3` varchar(30) DEFAULT NULL,
  `period4` varchar(30) DEFAULT NULL,
  `period5` varchar(30) DEFAULT NULL,
  `period6` varchar(30) DEFAULT NULL
) ENGINE=MyISAM DEFAULT CHARSET=latin1;

--
-- Dumping data for table `t001`
--

INSERT INTO `t001` (`day`, `period1`, `period2`, `period3`, `period4`, `period5`, `period6`) VALUES
('monday', '-<br>-', '-<br>-', '-<br>-', '-<br>-', '-<br>-', 'CO494'),
('tuesday', '-<br>-', '-<br>-', '-<br>-', '-<br>-', '-<br>-', '-'),
('wednesday', '-<br>-', '-<br>-', '-<br>-', '-<br>-', '-<br>-', 'CO494'),
('thursday', '-<br>-', '-<br>-', '-<br>-', '-<br>-', '-<br>-', '-'),
('friday', '-<br>-', '-<br>-', '-<br>-', '-<br>-', '-<br>-', '-'),
('saturday', '-<br>-', '-<br>-', '-<br>-', '-<br>-', '-<br>-', '-');

-- --------------------------------------------------------

--
-- Table structure for table `t002`
--

CREATE TABLE `t002` (
  `day` varchar(10) NOT NULL,
  `period1` varchar(30) DEFAULT NULL,
  `period2` varchar(30) DEFAULT NULL,
  `period3` varchar(30) DEFAULT NULL,
  `period4` varchar(30) DEFAULT NULL,
  `period5` varchar(30) DEFAULT NULL,
  `period6` varchar(30) DEFAULT NULL
) ENGINE=MyISAM DEFAULT CHARSET=latin1;

--
-- Dumping data for table `t002`
--

INSERT INTO `t002` (`day`, `period1`, `period2`, `period3`, `period4`, `period5`, `period6`) VALUES
('monday', '-<br>-', 'CO206<br>NL32', '-<br>-', '-<br>-', '-<br>-', '-'),
('tuesday', '-<br>-', '-<br>-', '-<br>-', '-<br>-', '-<br>-', 'CO493'),
('wednesday', 'CO206<br>NL32', '-<br>-', '-<br>-', '-<br>-', '-<br>-', '-'),
('thursday', '-<br>-', '-<br>-', '-<br>-', '-<br>-', '-<br>-', 'CO493'),
('friday', 'CO206<br>NL32', '-<br>-', '-<br>-', '-<br>-', '-<br>-', '-'),
('saturday', '-<br>-', '-<br>-', '-<br>-', 'CO206<br>NL32', '-<br>-', '-');

-- --------------------------------------------------------

--
-- Table structure for table `t003`
--

CREATE TABLE `t003` (
  `day` varchar(10) NOT NULL,
  `period1` varchar(30) DEFAULT NULL,
  `period2` varchar(30) DEFAULT NULL,
  `period3` varchar(30) DEFAULT NULL,
  `period4` varchar(30) DEFAULT NULL,
  `period5` varchar(30) DEFAULT NULL,
  `period6` varchar(30) DEFAULT NULL
) ENGINE=MyISAM DEFAULT CHARSET=latin1;

--
-- Dumping data for table `t003`
--

INSERT INTO `t003` (`day`, `period1`, `period2`, `period3`, `period4`, `period5`, `period6`) VALUES
('monday', '-<br>-', '-<br>-', '-<br>-', '-<br>-', '-<br>-', 'CO394'),
('tuesday', 'CO451<br>ML04', 'CO207<br>NL32', 'CO406<br>ML04', '-<br>-', '-<br>-', 'CO393'),
('wednesday', '-<br>-', '-<br>-', 'CO207<br>NL32', 'CO451<br>ML04', '-<br>-', 'CO292'),
('thursday', 'CO406<br>ML04', 'CO451<br>ML04', 'CO207<br>NL32', '-<br>-', '-<br>-', 'CO393'),
('friday', '-<br>-', '-<br>-', '-<br>-', 'CO406<br>ML04', '-<br>-', 'CO394'),
('saturday', 'CO451<br>ML04', 'CO207<br>NL32', 'CO406<br>ML04', '-<br>-', '-<br>-', 'CO292');

-- --------------------------------------------------------

--
-- Table structure for table `t004`
--

CREATE TABLE `t004` (
  `day` varchar(10) NOT NULL,
  `period1` varchar(30) DEFAULT NULL,
  `period2` varchar(30) DEFAULT NULL,
  `period3` varchar(30) DEFAULT NULL,
  `period4` varchar(30) DEFAULT NULL,
  `period5` varchar(30) DEFAULT NULL,
  `period6` varchar(30) DEFAULT NULL
) ENGINE=MyISAM DEFAULT CHARSET=latin1;

--
-- Dumping data for table `t004`
--

INSERT INTO `t004` (`day`, `period1`, `period2`, `period3`, `period4`, `period5`, `period6`) VALUES
('monday', '-<br>-', '-<br>-', '-<br>-', '-<br>-', '-<br>-', 'CO494'),
('tuesday', '-<br>-', '-<br>-', '-<br>-', '-<br>-', '-<br>-', '-'),
('wednesday', '-<br>-', '-<br>-', '-<br>-', '-<br>-', '-<br>-', 'CO494'),
('thursday', '-<br>-', '-<br>-', '-<br>-', '-<br>-', '-<br>-', '-'),
('friday', '-<br>-', '-<br>-', '-<br>-', '-<br>-', '-<br>-', '-'),
('saturday', '-<br>-', '-<br>-', '-<br>-', '-<br>-', '-<br>-', '-');

-- --------------------------------------------------------

--
-- Table structure for table `t005`
--

CREATE TABLE `t005` (
  `day` varchar(10) NOT NULL,
  `period1` varchar(30) DEFAULT NULL,
  `period2` varchar(30) DEFAULT NULL,
  `period3` varchar(30) DEFAULT NULL,
  `period4` varchar(30) DEFAULT NULL,
  `period5` varchar(30) DEFAULT NULL,
  `period6` varchar(30) DEFAULT NULL
) ENGINE=MyISAM DEFAULT CHARSET=latin1;

--
-- Dumping data for table `t005`
--

INSERT INTO `t005` (`day`, `period1`, `period2`, `period3`, `period4`, `period5`, `period6`) VALUES
('monday', '-<br>-', 'CO431<br>ML04', '-<br>-', '-<br>-', '-<br>-', 'CO394'),
('tuesday', '-<br>-', '-<br>-', '-<br>-', '-<br>-', '-<br>-', 'CO393'),
('wednesday', 'CO431<br>ML04', '-<br>-', '-<br>-', '-<br>-', '-<br>-', '-'),
('thursday', '-<br>-', '-<br>-', '-<br>-', 'CO431<br>ML04', '-<br>-', 'CO393'),
('friday', '-<br>-', 'CO431<br>ML04', '-<br>-', '-<br>-', '-<br>-', 'CO394'),
('saturday', '-<br>-', '-<br>-', '-<br>-', '-<br>-', '-<br>-', '-');

-- --------------------------------------------------------

--
-- Table structure for table `t006`
--

CREATE TABLE `t006` (
  `day` varchar(10) NOT NULL,
  `period1` varchar(30) DEFAULT NULL,
  `period2` varchar(30) DEFAULT NULL,
  `period3` varchar(30) DEFAULT NULL,
  `period4` varchar(30) DEFAULT NULL,
  `period5` varchar(30) DEFAULT NULL,
  `period6` varchar(30) DEFAULT NULL
) ENGINE=MyISAM DEFAULT CHARSET=latin1;

--
-- Dumping data for table `t006`
--

INSERT INTO `t006` (`day`, `period1`, `period2`, `period3`, `period4`, `period5`, `period6`) VALUES
('monday', '-<br>-', '-<br>-', '-<br>-', '-<br>-', '-<br>-', '-'),
('tuesday', 'CO203<br>NL32', '-<br>-', '-<br>-', '-<br>-', '-<br>-', 'CO293'),
('wednesday', '-<br>-', '-<br>-', '-<br>-', '-<br>-', '-<br>-', '-'),
('thursday', 'CO203<br>NL32', '-<br>-', '-<br>-', '-<br>-', '-<br>-', 'CO293'),
('friday', '-<br>-', '-<br>-', 'CO203<br>NL32', '-<br>-', '-<br>-', '-'),
('saturday', '-<br>-', '-<br>-', 'CO203<br>NL32', '-<br>-', '-<br>-', '-');

-- --------------------------------------------------------

--
-- Table structure for table `t007`
--

CREATE TABLE `t007` (
  `day` varchar(10) NOT NULL,
  `period1` varchar(30) DEFAULT NULL,
  `period2` varchar(30) DEFAULT NULL,
  `period3` varchar(30) DEFAULT NULL,
  `period4` varchar(30) DEFAULT NULL,
  `period5` varchar(30) DEFAULT NULL,
  `period6` varchar(30) DEFAULT NULL
) ENGINE=MyISAM DEFAULT CHARSET=latin1;

--
-- Dumping data for table `t007`
--

INSERT INTO `t007` (`day`, `period1`, `period2`, `period3`, `period4`, `period5`, `period6`) VALUES
('monday', '-<br>-', '-<br>-', '-<br>-', '-<br>-', '-<br>-', 'CO394'),
('tuesday', '-<br>-', '-<br>-', '-<br>-', '-<br>-', '-<br>-', 'CO493'),
('wednesday', '-<br>-', '-<br>-', '-<br>-', '-<br>-', '-<br>-', '-'),
('thursday', '-<br>-', '-<br>-', '-<br>-', '-<br>-', '-<br>-', 'CO493'),
('friday', '-<br>-', '-<br>-', '-<br>-', '-<br>-', '-<br>-', 'CO394'),
('saturday', '-<br>-', '-<br>-', '-<br>-', '-<br>-', '-<br>-', '-');

-- --------------------------------------------------------

--
-- Table structure for table `t008`
--

CREATE TABLE `t008` (
  `day` varchar(10) NOT NULL,
  `period1` varchar(30) DEFAULT NULL,
  `period2` varchar(30) DEFAULT NULL,
  `period3` varchar(30) DEFAULT NULL,
  `period4` varchar(30) DEFAULT NULL,
  `period5` varchar(30) DEFAULT NULL,
  `period6` varchar(30) DEFAULT NULL
) ENGINE=MyISAM DEFAULT CHARSET=latin1;

--
-- Dumping data for table `t008`
--

INSERT INTO `t008` (`day`, `period1`, `period2`, `period3`, `period4`, `period5`, `period6`) VALUES
('monday', '-<br>-', '-<br>-', 'CO308<br>ML10', '-<br>-', '-<br>-', 'CO494'),
('tuesday', '-<br>-', '-<br>-', '-<br>-', '-<br>-', '-<br>-', 'CO293'),
('wednesday', '-<br>-', 'CO308<br>ML10', '-<br>-', '-<br>-', '-<br>-', 'CO494'),
('thursday', '-<br>-', '-<br>-', '-<br>-', '-<br>-', '-<br>-', 'CO293'),
('friday', 'CO308<br>ML10', '-<br>-', '-<br>-', '-<br>-', '-<br>-', '-'),
('saturday', '-<br>-', '-<br>-', 'CO308<br>ML10', '-<br>-', '-<br>-', '-');

-- --------------------------------------------------------

--
-- Table structure for table `t009`
--

CREATE TABLE `t009` (
  `day` varchar(10) NOT NULL,
  `period1` varchar(30) DEFAULT NULL,
  `period2` varchar(30) DEFAULT NULL,
  `period3` varchar(30) DEFAULT NULL,
  `period4` varchar(30) DEFAULT NULL,
  `period5` varchar(30) DEFAULT NULL,
  `period6` varchar(30) DEFAULT NULL
) ENGINE=MyISAM DEFAULT CHARSET=latin1;

--
-- Dumping data for table `t009`
--

INSERT INTO `t009` (`day`, `period1`, `period2`, `period3`, `period4`, `period5`, `period6`) VALUES
('monday', '-<br>-', '-<br>-', 'CO460<br>ML04', '-<br>-', '-<br>-', '-'),
('tuesday', '-<br>-', '-<br>-', '-<br>-', '-<br>-', '-<br>-', 'CO293'),
('wednesday', '-<br>-', 'CO460<br>ML04', '-<br>-', '-<br>-', '-<br>-', '-'),
('thursday', '-<br>-', '-<br>-', '-<br>-', '-<br>-', 'CO460<br>ML04', 'CO293'),
('friday', '-<br>-', '-<br>-', 'CO460<br>ML04', '-<br>-', '-<br>-', '-'),
('saturday', '-<br>-', '-<br>-', '-<br>-', '-<br>-', '-<br>-', '-');

-- --------------------------------------------------------

--
-- Table structure for table `t010`
--

CREATE TABLE `t010` (
  `day` varchar(10) NOT NULL,
  `period1` varchar(30) DEFAULT NULL,
  `period2` varchar(30) DEFAULT NULL,
  `period3` varchar(30) DEFAULT NULL,
  `period4` varchar(30) DEFAULT NULL,
  `period5` varchar(30) DEFAULT NULL,
  `period6` varchar(30) DEFAULT NULL
) ENGINE=MyISAM DEFAULT CHARSET=latin1;

--
-- Dumping data for table `t010`
--

INSERT INTO `t010` (`day`, `period1`, `period2`, `period3`, `period4`, `period5`, `period6`) VALUES
('monday', '-<br>-', '-<br>-', '-<br>-', '-<br>-', '-<br>-', '-'),
('tuesday', '-<br>-', 'CO448<br>ML04', '-<br>-', '-<br>-', '-<br>-', '-'),
('wednesday', '-<br>-', '-<br>-', '-<br>-', '-<br>-', 'CO448<br>ML04', '-'),
('thursday', '-<br>-', '-<br>-', 'CO448<br>ML04', '-<br>-', '-<br>-', '-'),
('friday', '-<br>-', '-<br>-', '-<br>-', '-<br>-', '-<br>-', '-'),
('saturday', '-<br>-', 'CO448<br>ML04', '-<br>-', '-<br>-', '-<br>-', '-');

-- --------------------------------------------------------

--
-- Table structure for table `teachers`
--

CREATE TABLE `teachers` (
  `faculty_number` varchar(10) NOT NULL,
  `name` text NOT NULL,
  `alias` varchar(10) NOT NULL,
  `designation` varchar(30) NOT NULL,
  `contact_number` varchar(15) NOT NULL,
  `emailid` varchar(50) NOT NULL,
  `password` varchar(100) NOT NULL DEFAULT '1234'
) ENGINE=MyISAM DEFAULT CHARSET=latin1;

--
-- Dumping data for table `teachers`
--

INSERT INTO `teachers` (`faculty_number`, `name`, `alias`, `designation`, `contact_number`, `emailid`, `password`) VALUES
('T016', 'Prof.Dr.G.A.Patil', 'GAP', 'HOD', '12345678', 'ganpatipatil@gmail.com', '1234'),
('T015', 'Ms.Shobha Patil', 'SBP', 'Assistant Professor', '12345678', 'shobhapatil@gmail.com', '1234'),
('T014', 'Dr.Jyoti Jadhav', 'JJ', 'Associate Professor', '12345678', 'jyotijadhav@gmail.com', '1234'),
('T013', 'Mr.Niraj Haval', 'NAH', 'Assistant Professor', '12345678', 'nirajhaval@gmail.com', '1234'),
('T011', 'Ms.Radhika Dhanal', 'RJD', 'Assistant Professor', '12345678', 'radhikadhanal@gmail.com', '1234'),
('T012', 'Mr.Rahul Ghatage', 'RAG', 'Assistant Professor', '12345678', 'rahulghatage@gmail.com', '1234'),
('T007', 'Mrs.Ketaki Bhosale', 'KAB', 'Assistant Professor', '12345678', 'ketakibhosale@gmail.com', '1234'),
('T008', 'Mrs.Pallavi Gholap', 'PSG', 'Assistant Professor', '12345678', 'pgholap@gmail.com', '1234'),
('T009', 'Mrs.Dhanashree Patil', 'DRP', 'Assistant Professor', '12345678', 'dpatil@gmail.com', '1234'),
('T010', 'Mrs.Sonali Surve', 'SMS', 'Assistant Professor', '12345678', 'ssurve@gmail.com', '1234'),
('T006', 'Dr.Bhagatsingh Jitkar', 'BDJ', 'Associate Professor', '12345678', 'bjitkar@gmail.com', '1234'),
('T005', 'Mr.Mahesh Pardesi', 'MAP', 'Associate Professor', '12345678', 'pardesim@gmail.com', '1234'),
('T004', 'Mrs.Shamal Desai', 'SCD', 'Assistant Professor', '12345678', 'shamald@gmail.com', '1234'),
('T002', 'Mrs.Ranjita jadhav', 'RSJ', 'Assistant Professor', '12345678', 'rjadhav@gmail.com', '1234'),
('T003', 'Mr.Kishor Mane', 'KTM', 'Assistant Professor', '12345678', 'kishormane@gmail.com', '1234'),
('T001', 'Mr.Appasaheb Jadhav', 'AJJ', 'Associate Professor', '12345678', 'Appasahebj@gmail.com', '1234');

--
-- Indexes for dumped tables
--

--
-- Indexes for table `classrooms`
--
ALTER TABLE `classrooms`
  ADD PRIMARY KEY (`name`);

--
-- Indexes for table `semester3`
--
ALTER TABLE `semester3`
  ADD PRIMARY KEY (`day`);

--
-- Indexes for table `semester4`
--
ALTER TABLE `semester4`
  ADD PRIMARY KEY (`day`);

--
-- Indexes for table `semester5`
--
ALTER TABLE `semester5`
  ADD PRIMARY KEY (`day`);

--
-- Indexes for table `subjects`
--
ALTER TABLE `subjects`
  ADD PRIMARY KEY (`subject_code`);

--
-- Indexes for table `t001`
--
ALTER TABLE `t001`
  ADD PRIMARY KEY (`day`);

--
-- Indexes for table `t002`
--
ALTER TABLE `t002`
  ADD PRIMARY KEY (`day`);

--
-- Indexes for table `t003`
--
ALTER TABLE `t003`
  ADD PRIMARY KEY (`day`);

--
-- Indexes for table `t004`
--
ALTER TABLE `t004`
  ADD PRIMARY KEY (`day`);

--
-- Indexes for table `t005`
--
ALTER TABLE `t005`
  ADD PRIMARY KEY (`day`);

--
-- Indexes for table `t006`
--
ALTER TABLE `t006`
  ADD PRIMARY KEY (`day`);

--
-- Indexes for table `t007`
--
ALTER TABLE `t007`
  ADD PRIMARY KEY (`day`);

--
-- Indexes for table `t008`
--
ALTER TABLE `t008`
  ADD PRIMARY KEY (`day`);

--
-- Indexes for table `t009`
--
ALTER TABLE `t009`
  ADD PRIMARY KEY (`day`);

--
-- Indexes for table `t010`
--
ALTER TABLE `t010`
  ADD PRIMARY KEY (`day`);

--
-- Indexes for table `teachers`
--
ALTER TABLE `teachers`
  ADD PRIMARY KEY (`faculty_number`);
COMMIT;

/*!40101 SET CHARACTER_SET_CLIENT=@OLD_CHARACTER_SET_CLIENT */;
/*!40101 SET CHARACTER_SET_RESULTS=@OLD_CHARACTER_SET_RESULTS */;
/*!40101 SET COLLATION_CONNECTION=@OLD_COLLATION_CONNECTION */;
